"Date Parsing Test",,,,,,,,,,,,,,,,,,
,,,,,,,,,,,,,,,,,,
,,,,,,,,,,,,,,,,,,
,,,,,,,,,,,,,,,,,,
,,,,,,,,,,,,,,,,,,
,,,,,,,,,,,,,,,,,,
,,,,,,,,,,,,,,,,,,
,,,,,,,,,,,,,,,,,,
,,,,,,,,,,,,,,,,,,
,,,,,,,,"TestID",49,,,,,,,,,
,,,,,,,,"TimeFormat","hh:mm:ss.00",,,,,,,,,
,,,,,,,,"WriteFormat","d/m/yy",,,,,,,,,
,,,,,,,,"WriteFormatDateTime","d/m/yy hh:mm:ss.00",,,,,,,,,
,,,,,,,,"ReadFormat","m/d/yy",,,,,,,,,
,,,,,,,,"RoundTripCount",24,,,,,,,,,
,,,,,,,,"IsNumberCount",288,,,,,,,,,
,,,,,,,,"IsTextCount",442,,,,,,,,,
,,,,,,,,,,,,,,,,,,
,,,,,,,,,,,,,,,,,,
,,,,,,,,,"All Tests Pass?",,,,,,,,,
,,,,,,,,,True,"<- Shift F9 to update, test for TimeFormat both with and without milliseconds",,,,,,,,
,,,,,,,,,,,,,,,,,,
,,,,,,,,,,,,,,,,,,
,,,,,,,,,,,,,,,,,,
,,,,,,,,,,,,,,,,,,
,,,,,,,,,,,"Observed - uses DataTable",,,,,"Expected",,
"DateFormats",,,,,,,,,,,,"RoundTripCount","IsNumberCount","IsTextCount",,"RoundTripCount","IsNumberCount","IsTextCount"
"TestID","WriteFormat","WriteFormatDateTime","ReadFormat",,"Dates",,"Written",,"ReadBack",,,24,288,442,,,,
1,"d/m/yy","d/m/yy hh:mm:ss.00","d/m/yy",,2023-01-01,,"1/1/23",,44927,,1,730,730,0,,730,730,0
2,"d/m/yyyy","d/m/yyyy hh:mm:ss.00","d/m/yyyy",,2023-01-01T12:00:00,,"1/1/23 12:00:00.00",,44927.5,,2,730,730,0,,730,730,0
3,"d/mm/yy","d/mm/yy hh:mm:ss.00","d/mm/yy",,2023-01-02,,"2/1/23",,44958,,3,730,730,0,,730,730,0
4,"d/mm/yyyy","d/mm/yyyy hh:mm:ss.00","d/mm/yyyy",,2023-01-02T12:00:00,,"2/1/23 12:00:00.00",,44958.5,,4,730,730,0,,730,730,0
5,"d/mmm/yy","d/mmm/yy hh:mm:ss.00","d/mmm/yy",,2023-01-03,,"3/1/23",,44986,,5,730,730,0,,730,730,0
6,"d/mmm/yyyy","d/mmm/yyyy hh:mm:ss.00","d/mmm/yyyy",,2023-01-03T12:00:00,,"3/1/23 12:00:00.00",,44986.5,,6,730,730,0,,730,730,0
7,"d/mmmm/yy","d/mmmm/yy hh:mm:ss.00","d/mmmm/yy",,2023-01-04,,"4/1/23",,45017,,7,730,730,0,,730,730,0
8,"d/mmmm/yyyy","d/mmmm/yyyy hh:mm:ss.00","d/mmmm/yyyy",,2023-01-04T12:00:00,,"4/1/23 12:00:00.00",,45017.5,,8,730,730,0,,730,730,0
9,"dd/m/yy","dd/m/yy hh:mm:ss.00","dd/m/yy",,2023-01-05,,"5/1/23",,45047,,9,730,730,0,,730,730,0
10,"dd/m/yyyy","dd/m/yyyy hh:mm:ss.00","dd/m/yyyy",,2023-01-05T12:00:00,,"5/1/23 12:00:00.00",,45047.5,,10,730,730,0,,730,730,0
11,"dd/mm/yy","dd/mm/yy hh:mm:ss.00","dd/mm/yy",,2023-01-06,,"6/1/23",,45078,,11,730,730,0,,730,730,0
12,"dd/mm/yyyy","dd/mm/yyyy hh:mm:ss.00","dd/mm/yyyy",,2023-01-06T12:00:00,,"6/1/23 12:00:00.00",,45078.5,,12,730,730,0,,730,730,0
13,"dd/mmm/yy","dd/mmm/yy hh:mm:ss.00","dd/mmm/yy",,2023-01-07,,"7/1/23",,45108,,13,730,730,0,,730,730,0
14,"dd/mmm/yyyy","dd/mmm/yyyy hh:mm:ss.00","dd/mmm/yyyy",,2023-01-07T12:00:00,,"7/1/23 12:00:00.00",,45108.5,,14,730,730,0,,730,730,0
15,"dd/mmmm/yy","dd/mmmm/yy hh:mm:ss.00","dd/mmmm/yy",,2023-01-08,,"8/1/23",,45139,,15,730,730,0,,730,730,0
16,"dd/mmmm/yyyy","dd/mmmm/yyyy hh:mm:ss.00","dd/mmmm/yyyy",,2023-01-08T12:00:00,,"8/1/23 12:00:00.00",,45139.5,,16,730,730,0,,730,730,0
17,"m/d/yy","m/d/yy hh:mm:ss.00","m/d/yy",,2023-01-09,,"9/1/23",,45170,,17,730,730,0,,730,730,0
18,"m/d/yyyy","m/d/yyyy hh:mm:ss.00","m/d/yyyy",,2023-01-09T12:00:00,,"9/1/23 12:00:00.00",,45170.5,,18,730,730,0,,730,730,0
19,"m/dd/yy","m/dd/yy hh:mm:ss.00","m/dd/yy",,2023-01-10,,"10/1/23",,45200,,19,730,730,0,,730,730,0
20,"m/dd/yyyy","m/dd/yyyy hh:mm:ss.00","m/dd/yyyy",,2023-01-10T12:00:00,,"10/1/23 12:00:00.00",,45200.5,,20,730,730,0,,730,730,0
21,"mm/d/yy","mm/d/yy hh:mm:ss.00","mm/d/yy",,2023-01-11,,"11/1/23",,45231,,21,730,730,0,,730,730,0
22,"mm/d/yyyy","mm/d/yyyy hh:mm:ss.00","mm/d/yyyy",,2023-01-11T12:00:00,,"11/1/23 12:00:00.00",,45231.5,,22,730,730,0,,730,730,0
23,"mm/dd/yy","mm/dd/yy hh:mm:ss.00","mm/dd/yy",,2023-01-12,,"12/1/23",,45261,,23,730,730,0,,730,730,0
24,"mm/dd/yyyy","mm/dd/yyyy hh:mm:ss.00","mm/dd/yyyy",,2023-01-12T12:00:00,,"12/1/23 12:00:00.00",,45261.5,,24,730,730,0,,730,730,0
25,"mmm/d/yy","mmm/d/yy hh:mm:ss.00","mmm/d/yy",,2023-01-13,,"13/1/23",,"13/1/23",,25,730,730,0,,730,730,0
26,"mmm/d/yyyy","mmm/d/yyyy hh:mm:ss.00","mmm/d/yyyy",,2023-01-13T12:00:00,,"13/1/23 12:00:00.00",,"13/1/23 12:00:00.00",,26,730,730,0,,730,730,0
27,"mmm/dd/yy","mmm/dd/yy hh:mm:ss.00","mmm/dd/yy",,2023-01-14,,"14/1/23",,"14/1/23",,27,730,730,0,,730,730,0
28,"mmm/dd/yyyy","mmm/dd/yyyy hh:mm:ss.00","mmm/dd/yyyy",,2023-01-14T12:00:00,,"14/1/23 12:00:00.00",,"14/1/23 12:00:00.00",,28,730,730,0,,730,730,0
29,"mmmm/d/yy","mmmm/d/yy hh:mm:ss.00","mmmm/d/yy",,2023-01-15,,"15/1/23",,"15/1/23",,29,730,730,0,,730,730,0
30,"mmmm/d/yyyy","mmmm/d/yyyy hh:mm:ss.00","mmmm/d/yyyy",,2023-01-15T12:00:00,,"15/1/23 12:00:00.00",,"15/1/23 12:00:00.00",,30,730,730,0,,730,730,0
31,"mmmm/dd/yy","mmmm/dd/yy hh:mm:ss.00","mmmm/dd/yy",,2023-01-16,,"16/1/23",,"16/1/23",,31,730,730,0,,730,730,0
32,"mmmm/dd/yyyy","mmmm/dd/yyyy hh:mm:ss.00","mmmm/dd/yyyy",,2023-01-16T12:00:00,,"16/1/23 12:00:00.00",,"16/1/23 12:00:00.00",,32,730,730,0,,730,730,0
33,"yy-m-d","yy-m-d hh:mm:ss.00","yy-m-d",,2023-01-17,,"17/1/23",,"17/1/23",,33,730,730,0,,730,730,0
34,"yy-m-dd","yy-m-dd hh:mm:ss.00","yy-m-dd",,2023-01-17T12:00:00,,"17/1/23 12:00:00.00",,"17/1/23 12:00:00.00",,34,730,730,0,,730,730,0
35,"yy-mm-d","yy-mm-d hh:mm:ss.00","yy-mm-d",,2023-01-18,,"18/1/23",,"18/1/23",,35,730,730,0,,730,730,0
36,"yy-mm-dd","yy-mm-dd hh:mm:ss.00","yy-mm-dd",,2023-01-18T12:00:00,,"18/1/23 12:00:00.00",,"18/1/23 12:00:00.00",,36,730,730,0,,730,730,0
37,"yy-mmm-d","yy-mmm-d hh:mm:ss.00","yy-mmm-d",,2023-01-19,,"19/1/23",,"19/1/23",,37,730,730,0,,730,730,0
38,"yy-mmm-dd","yy-mmm-dd hh:mm:ss.00","yy-mmm-dd",,2023-01-19T12:00:00,,"19/1/23 12:00:00.00",,"19/1/23 12:00:00.00",,38,730,730,0,,730,730,0
39,"yy-mmmm-d","yy-mmmm-d hh:mm:ss.00","yy-mmmm-d",,2023-01-20,,"20/1/23",,"20/1/23",,39,730,730,0,,730,730,0
40,"yy-mmmm-dd","yy-mmmm-dd hh:mm:ss.00","yy-mmmm-dd",,2023-01-20T12:00:00,,"20/1/23 12:00:00.00",,"20/1/23 12:00:00.00",,40,730,730,0,,730,730,0
41,"yyyy-m-d","yyyy-m-d hh:mm:ss.00","yyyy-m-d",,2023-01-21,,"21/1/23",,"21/1/23",,41,730,730,0,,730,730,0
42,"yyyy-m-dd","yyyy-m-dd hh:mm:ss.00","yyyy-m-dd",,2023-01-21T12:00:00,,"21/1/23 12:00:00.00",,"21/1/23 12:00:00.00",,42,730,730,0,,730,730,0
43,"yyyy-mm-d","yyyy-mm-d hh:mm:ss.00","yyyy-mm-d",,2023-01-22,,"22/1/23",,"22/1/23",,43,730,730,0,,730,730,0
44,"yyyy-mm-dd","yyyy-mm-dd hh:mm:ss.00","yyyy-mm-dd",,2023-01-22T12:00:00,,"22/1/23 12:00:00.00",,"22/1/23 12:00:00.00",,44,730,730,0,,730,730,0
45,"yyyy-mmm-d","yyyy-mmm-d hh:mm:ss.00","yyyy-mmm-d",,2023-01-23,,"23/1/23",,"23/1/23",,45,730,730,0,,730,730,0
46,"yyyy-mmm-dd","yyyy-mmm-dd hh:mm:ss.00","yyyy-mmm-dd",,2023-01-23T12:00:00,,"23/1/23 12:00:00.00",,"23/1/23 12:00:00.00",,46,730,730,0,,730,730,0
47,"yyyy-mmmm-d","yyyy-mmmm-d hh:mm:ss.00","yyyy-mmmm-d",,2023-01-24,,"24/1/23",,"24/1/23",,47,730,730,0,,730,730,0
48,"yyyy-mmmm-dd","yyyy-mmmm-dd hh:mm:ss.00","yyyy-mmmm-dd",,2023-01-24T12:00:00,,"24/1/23 12:00:00.00",,"24/1/23 12:00:00.00",,48,730,730,0,,730,730,0
49,"d/m/yy","d/m/yy hh:mm:ss.00","m/d/yy",,2023-01-25,,"25/1/23",,"25/1/23",,49,24,288,442,,24,288,442
50,"d/m/yyyy","d/m/yyyy hh:mm:ss.00","m/d/yyyy",,2023-01-25T12:00:00,,"25/1/23 12:00:00.00",,"25/1/23 12:00:00.00",,50,24,288,442,,24,288,442
51,"d/mm/yy","d/mm/yy hh:mm:ss.00","mm/d/yy",,2023-01-26,,"26/1/23",,"26/1/23",,51,24,288,442,,24,288,442
52,"d/mm/yyyy","d/mm/yyyy hh:mm:ss.00","mm/d/yyyy",,2023-01-26T12:00:00,,"26/1/23 12:00:00.00",,"26/1/23 12:00:00.00",,52,24,288,442,,24,288,442
53,"d/mmm/yy","d/mmm/yy hh:mm:ss.00","mmm/d/yy",,2023-01-27,,"27/1/23",,"27/1/23",,53,0,0,730,,0,0,730
54,"d/mmm/yyyy","d/mmm/yyyy hh:mm:ss.00","mmm/d/yyyy",,2023-01-27T12:00:00,,"27/1/23 12:00:00.00",,"27/1/23 12:00:00.00",,54,0,0,730,,0,0,730
55,"d/mmmm/yy","d/mmmm/yy hh:mm:ss.00","mmmm/d/yy",,2023-01-28,,"28/1/23",,"28/1/23",,55,0,0,730,,0,0,730
56,"d/mmmm/yyyy","d/mmmm/yyyy hh:mm:ss.00","mmmm/d/yyyy",,2023-01-28T12:00:00,,"28/1/23 12:00:00.00",,"28/1/23 12:00:00.00",,56,0,0,730,,0,0,730
57,"dd/m/yy","dd/m/yy hh:mm:ss.00","m/dd/yy",,2023-01-29,,"29/1/23",,"29/1/23",,57,24,288,442,,24,288,442
58,"dd/m/yyyy","dd/m/yyyy hh:mm:ss.00","m/dd/yyyy",,2023-01-29T12:00:00,,"29/1/23 12:00:00.00",,"29/1/23 12:00:00.00",,58,24,288,442,,24,288,442
59,"dd/mm/yy","dd/mm/yy hh:mm:ss.00","mm/dd/yy",,2023-01-30,,"30/1/23",,"30/1/23",,59,24,288,442,,24,288,442
60,"dd/mm/yyyy","dd/mm/yyyy hh:mm:ss.00","mm/dd/yyyy",,2023-01-30T12:00:00,,"30/1/23 12:00:00.00",,"30/1/23 12:00:00.00",,60,24,288,442,,24,288,442
61,"dd/mmm/yy","dd/mmm/yy hh:mm:ss.00","mmm/dd/yy",,2023-01-31,,"31/1/23",,"31/1/23",,61,0,0,730,,0,0,730
62,"dd/mmm/yyyy","dd/mmm/yyyy hh:mm:ss.00","mmm/dd/yyyy",,2023-01-31T12:00:00,,"31/1/23 12:00:00.00",,"31/1/23 12:00:00.00",,62,0,0,730,,0,0,730
63,"dd/mmmm/yy","dd/mmmm/yy hh:mm:ss.00","mmmm/dd/yy",,2023-02-01,,"1/2/23",,44928,,63,0,0,730,,0,0,730
64,"dd/mmmm/yyyy","dd/mmmm/yyyy hh:mm:ss.00","mmmm/dd/yyyy",,2023-02-01T12:00:00,,"1/2/23 12:00:00.00",,44928.5,,64,0,0,730,,0,0,730
65,"m/d/yy","m/d/yy hh:mm:ss.00","d/m/yy",,2023-02-02,,"2/2/23",,44959,,65,24,288,442,,24,288,442
66,"m/d/yyyy","m/d/yyyy hh:mm:ss.00","d/m/yyyy",,2023-02-02T12:00:00,,"2/2/23 12:00:00.00",,44959.5,,66,24,288,442,,24,288,442
67,"m/dd/yy","m/dd/yy hh:mm:ss.00","dd/m/yy",,2023-02-03,,"3/2/23",,44987,,67,24,288,442,,24,288,442
68,"m/dd/yyyy","m/dd/yyyy hh:mm:ss.00","dd/m/yyyy",,2023-02-03T12:00:00,,"3/2/23 12:00:00.00",,44987.5,,68,24,288,442,,24,288,442
69,"mm/d/yy","mm/d/yy hh:mm:ss.00","d/mm/yy",,2023-02-04,,"4/2/23",,45018,,69,24,288,442,,24,288,442
70,"mm/d/yyyy","mm/d/yyyy hh:mm:ss.00","d/mm/yyyy",,2023-02-04T12:00:00,,"4/2/23 12:00:00.00",,45018.5,,70,24,288,442,,24,288,442
71,"mm/dd/yy","mm/dd/yy hh:mm:ss.00","dd/mm/yy",,2023-02-05,,"5/2/23",,45048,,71,24,288,442,,24,288,442
72,"mm/dd/yyyy","mm/dd/yyyy hh:mm:ss.00","dd/mm/yyyy",,2023-02-05T12:00:00,,"5/2/23 12:00:00.00",,45048.5,,72,24,288,442,,24,288,442
73,"mmm/d/yy","mmm/d/yy hh:mm:ss.00","d/mmm/yy",,2023-02-06,,"6/2/23",,45079,,73,0,0,730,,0,0,730
74,"mmm/d/yyyy","mmm/d/yyyy hh:mm:ss.00","d/mmm/yyyy",,2023-02-06T12:00:00,,"6/2/23 12:00:00.00",,45079.5,,74,0,0,730,,0,0,730
75,"mmm/dd/yy","mmm/dd/yy hh:mm:ss.00","dd/mmm/yy",,2023-02-07,,"7/2/23",,45109,,75,0,0,730,,0,0,730
76,"mmm/dd/yyyy","mmm/dd/yyyy hh:mm:ss.00","dd/mmm/yyyy",,2023-02-07T12:00:00,,"7/2/23 12:00:00.00",,45109.5,,76,0,0,730,,0,0,730
77,"mmmm/d/yy","mmmm/d/yy hh:mm:ss.00","d/mmmm/yy",,2023-02-08,,"8/2/23",,45140,,77,0,0,730,,0,0,730
78,"mmmm/d/yyyy","mmmm/d/yyyy hh:mm:ss.00","d/mmmm/yyyy",,2023-02-08T12:00:00,,"8/2/23 12:00:00.00",,45140.5,,78,0,0,730,,0,0,730
79,"mmmm/dd/yy","mmmm/dd/yy hh:mm:ss.00","dd/mmmm/yy",,2023-02-09,,"9/2/23",,45171,,79,0,0,730,,0,0,730
80,"mmmm/dd/yyyy","mmmm/dd/yyyy hh:mm:ss.00","dd/mmmm/yyyy",,2023-02-09T12:00:00,,"9/2/23 12:00:00.00",,45171.5,,80,0,0,730,,0,0,730
,,,,,2023-02-10,,"10/2/23",,45201,,,,,,,,,
,,,,,2023-02-10T12:00:00,,"10/2/23 12:00:00.00",,45201.5,,,,,,,,,
,,,,,2023-02-11,,"11/2/23",,45232,,,,,,,,,
,,,,,2023-02-11T12:00:00,,"11/2/23 12:00:00.00",,45232.5,,,,,,,,,
,,,,,2023-02-12,,"12/2/23",,45262,,,,,,,,,
,,,,,2023-02-12T12:00:00,,"12/2/23 12:00:00.00",,45262.5,,,,,,,,,
,,,,,2023-02-13,,"13/2/23",,"13/2/23",,,,,,,,,
,,,,,2023-02-13T12:00:00,,"13/2/23 12:00:00.00",,"13/2/23 12:00:00.00",,,,,,,,,
,,,,,2023-02-14,,"14/2/23",,"14/2/23",,,,,,,,,
,,,,,2023-02-14T12:00:00,,"14/2/23 12:00:00.00",,"14/2/23 12:00:00.00",,,,,,,,,
,,,,,2023-02-15,,"15/2/23",,"15/2/23",,,,,,,,,
,,,,,2023-02-15T12:00:00,,"15/2/23 12:00:00.00",,"15/2/23 12:00:00.00",,,,,,,,,
,,,,,2023-02-16,,"16/2/23",,"16/2/23",,,,,,,,,
,,,,,2023-02-16T12:00:00,,"16/2/23 12:00:00.00",,"16/2/23 12:00:00.00",,,,,,,,,
,,,,,2023-02-17,,"17/2/23",,"17/2/23",,,,,,,,,
,,,,,2023-02-17T12:00:00,,"17/2/23 12:00:00.00",,"17/2/23 12:00:00.00",,,,,,,,,
,,,,,2023-02-18,,"18/2/23",,"18/2/23",,,,,,,,,
,,,,,2023-02-18T12:00:00,,"18/2/23 12:00:00.00",,"18/2/23 12:00:00.00",,,,,,,,,
,,,,,2023-02-19,,"19/2/23",,"19/2/23",,,,,,,,,
,,,,,2023-02-19T12:00:00,,"19/2/23 12:00:00.00",,"19/2/23 12:00:00.00",,,,,,,,,
,,,,,2023-02-20,,"20/2/23",,"20/2/23",,,,,,,,,
,,,,,2023-02-20T12:00:00,,"20/2/23 12:00:00.00",,"20/2/23 12:00:00.00",,,,,,,,,
,,,,,2023-02-21,,"21/2/23",,"21/2/23",,,,,,,,,
,,,,,2023-02-21T12:00:00,,"21/2/23 12:00:00.00",,"21/2/23 12:00:00.00",,,,,,,,,
,,,,,2023-02-22,,"22/2/23",,"22/2/23",,,,,,,,,
,,,,,2023-02-22T12:00:00,,"22/2/23 12:00:00.00",,"22/2/23 12:00:00.00",,,,,,,,,
,,,,,2023-02-23,,"23/2/23",,"23/2/23",,,,,,,,,
,,,,,2023-02-23T12:00:00,,"23/2/23 12:00:00.00",,"23/2/23 12:00:00.00",,,,,,,,,
,,,,,2023-02-24,,"24/2/23",,"24/2/23",,,,,,,,,
,,,,,2023-02-24T12:00:00,,"24/2/23 12:00:00.00",,"24/2/23 12:00:00.00",,,,,,,,,
,,,,,2023-02-25,,"25/2/23",,"25/2/23",,,,,,,,,
,,,,,2023-02-25T12:00:00,,"25/2/23 12:00:00.00",,"25/2/23 12:00:00.00",,,,,,,,,
,,,,,2023-02-26,,"26/2/23",,"26/2/23",,,,,,,,,
,,,,,2023-02-26T12:00:00,,"26/2/23 12:00:00.00",,"26/2/23 12:00:00.00",,,,,,,,,
,,,,,2023-02-27,,"27/2/23",,"27/2/23",,,,,,,,,
,,,,,2023-02-27T12:00:00,,"27/2/23 12:00:00.00",,"27/2/23 12:00:00.00",,,,,,,,,
,,,,,2023-02-28,,"28/2/23",,"28/2/23",,,,,,,,,
,,,,,2023-02-28T12:00:00,,"28/2/23 12:00:00.00",,"28/2/23 12:00:00.00",,,,,,,,,
,,,,,2023-03-01,,"1/3/23",,44929,,,,,,,,,
,,,,,2023-03-01T12:00:00,,"1/3/23 12:00:00.00",,44929.5,,,,,,,,,
,,,,,2023-03-02,,"2/3/23",,44960,,,,,,,,,
,,,,,2023-03-02T12:00:00,,"2/3/23 12:00:00.00",,44960.5,,,,,,,,,
,,,,,2023-03-03,,"3/3/23",,44988,,,,,,,,,
,,,,,2023-03-03T12:00:00,,"3/3/23 12:00:00.00",,44988.5,,,,,,,,,
,,,,,2023-03-04,,"4/3/23",,45019,,,,,,,,,
,,,,,2023-03-04T12:00:00,,"4/3/23 12:00:00.00",,45019.5,,,,,,,,,
,,,,,2023-03-05,,"5/3/23",,45049,,,,,,,,,
,,,,,2023-03-05T12:00:00,,"5/3/23 12:00:00.00",,45049.5,,,,,,,,,
,,,,,2023-03-06,,"6/3/23",,45080,,,,,,,,,
,,,,,2023-03-06T12:00:00,,"6/3/23 12:00:00.00",,45080.5,,,,,,,,,
,,,,,2023-03-07,,"7/3/23",,45110,,,,,,,,,
,,,,,2023-03-07T12:00:00,,"7/3/23 12:00:00.00",,45110.5,,,,,,,,,
,,,,,2023-03-08,,"8/3/23",,45141,,,,,,,,,
,,,,,2023-03-08T12:00:00,,"8/3/23 12:00:00.00",,45141.5,,,,,,,,,
,,,,,2023-03-09,,"9/3/23",,45172,,,,,,,,,
,,,,,2023-03-09T12:00:00,,"9/3/23 12:00:00.00",,45172.5,,,,,,,,,
,,,,,2023-03-10,,"10/3/23",,45202,,,,,,,,,
,,,,,2023-03-10T12:00:00,,"10/3/23 12:00:00.00",,45202.5,,,,,,,,,
,,,,,2023-03-11,,"11/3/23",,45233,,,,,,,,,
,,,,,2023-03-11T12:00:00,,"11/3/23 12:00:00.00",,45233.5,,,,,,,,,
,,,,,2023-03-12,,"12/3/23",,45263,,,,,,,,,
,,,,,2023-03-12T12:00:00,,"12/3/23 12:00:00.00",,45263.5,,,,,,,,,
,,,,,2023-03-13,,"13/3/23",,"13/3/23",,,,,,,,,
,,,,,2023-03-13T12:00:00,,"13/3/23 12:00:00.00",,"13/3/23 12:00:00.00",,,,,,,,,
,,,,,2023-03-14,,"14/3/23",,"14/3/23",,,,,,,,,
,,,,,2023-03-14T12:00:00,,"14/3/23 12:00:00.00",,"14/3/23 12:00:00.00",,,,,,,,,
,,,,,2023-03-15,,"15/3/23",,"15/3/23",,,,,,,,,
,,,,,2023-03-15T12:00:00,,"15/3/23 12:00:00.00",,"15/3/23 12:00:00.00",,,,,,,,,
,,,,,2023-03-16,,"16/3/23",,"16/3/23",,,,,,,,,
,,,,,2023-03-16T12:00:00,,"16/3/23 12:00:00.00",,"16/3/23 12:00:00.00",,,,,,,,,
,,,,,2023-03-17,,"17/3/23",,"17/3/23",,,,,,,,,
,,,,,2023-03-17T12:00:00,,"17/3/23 12:00:00.00",,"17/3/23 12:00:00.00",,,,,,,,,
,,,,,2023-03-18,,"18/3/23",,"18/3/23",,,,,,,,,
,,,,,2023-03-18T12:00:00,,"18/3/23 12:00:00.00",,"18/3/23 12:00:00.00",,,,,,,,,
,,,,,2023-03-19,,"19/3/23",,"19/3/23",,,,,,,,,
,,,,,2023-03-19T12:00:00,,"19/3/23 12:00:00.00",,"19/3/23 12:00:00.00",,,,,,,,,
,,,,,2023-03-20,,"20/3/23",,"20/3/23",,,,,,,,,
,,,,,2023-03-20T12:00:00,,"20/3/23 12:00:00.00",,"20/3/23 12:00:00.00",,,,,,,,,
,,,,,2023-03-21,,"21/3/23",,"21/3/23",,,,,,,,,
,,,,,2023-03-21T12:00:00,,"21/3/23 12:00:00.00",,"21/3/23 12:00:00.00",,,,,,,,,
,,,,,2023-03-22,,"22/3/23",,"22/3/23",,,,,,,,,
,,,,,2023-03-22T12:00:00,,"22/3/23 12:00:00.00",,"22/3/23 12:00:00.00",,,,,,,,,
,,,,,2023-03-23,,"23/3/23",,"23/3/23",,,,,,,,,
,,,,,2023-03-23T12:00:00,,"23/3/23 12:00:00.00",,"23/3/23 12:00:00.00",,,,,,,,,
,,,,,2023-03-24,,"24/3/23",,"24/3/23",,,,,,,,,
,,,,,2023-03-24T12:00:00,,"24/3/23 12:00:00.00",,"24/3/23 12:00:00.00",,,,,,,,,
,,,,,2023-03-25,,"25/3/23",,"25/3/23",,,,,,,,,
,,,,,2023-03-25T12:00:00,,"25/3/23 12:00:00.00",,"25/3/23 12:00:00.00",,,,,,,,,
,,,,,2023-03-26,,"26/3/23",,"26/3/23",,,,,,,,,
,,,,,2023-03-26T12:00:00,,"26/3/23 12:00:00.00",,"26/3/23 12:00:00.00",,,,,,,,,
,,,,,2023-03-27,,"27/3/23",,"27/3/23",,,,,,,,,
,,,,,2023-03-27T12:00:00,,"27/3/23 12:00:00.00",,"27/3/23 12:00:00.00",,,,,,,,,
,,,,,2023-03-28,,"28/3/23",,"28/3/23",,,,,,,,,
,,,,,2023-03-28T12:00:00,,"28/3/23 12:00:00.00",,"28/3/23 12:00:00.00",,,,,,,,,
,,,,,2023-03-29,,"29/3/23",,"29/3/23",,,,,,,,,
,,,,,2023-03-29T12:00:00,,"29/3/23 12:00:00.00",,"29/3/23 12:00:00.00",,,,,,,,,
,,,,,2023-03-30,,"30/3/23",,"30/3/23",,,,,,,,,
,,,,,2023-03-30T12:00:00,,"30/3/23 12:00:00.00",,"30/3/23 12:00:00.00",,,,,,,,,
,,,,,2023-03-31,,"31/3/23",,"31/3/23",,,,,,,,,
,,,,,2023-03-31T12:00:00,,"31/3/23 12:00:00.00",,"31/3/23 12:00:00.00",,,,,,,,,
,,,,,2023-04-01,,"1/4/23",,44930,,,,,,,,,
,,,,,2023-04-01T12:00:00,,"1/4/23 12:00:00.00",,44930.5,,,,,,,,,
,,,,,2023-04-02,,"2/4/23",,44961,,,,,,,,,
,,,,,2023-04-02T12:00:00,,"2/4/23 12:00:00.00",,44961.5,,,,,,,,,
,,,,,2023-04-03,,"3/4/23",,44989,,,,,,,,,
,,,,,2023-04-03T12:00:00,,"3/4/23 12:00:00.00",,44989.5,,,,,,,,,
,,,,,2023-04-04,,"4/4/23",,45020,,,,,,,,,
,,,,,2023-04-04T12:00:00,,"4/4/23 12:00:00.00",,45020.5,,,,,,,,,
,,,,,2023-04-05,,"5/4/23",,45050,,,,,,,,,
,,,,,2023-04-05T12:00:00,,"5/4/23 12:00:00.00",,45050.5,,,,,,,,,
,,,,,2023-04-06,,"6/4/23",,45081,,,,,,,,,
,,,,,2023-04-06T12:00:00,,"6/4/23 12:00:00.00",,45081.5,,,,,,,,,
,,,,,2023-04-07,,"7/4/23",,45111,,,,,,,,,
,,,,,2023-04-07T12:00:00,,"7/4/23 12:00:00.00",,45111.5,,,,,,,,,
,,,,,2023-04-08,,"8/4/23",,45142,,,,,,,,,
,,,,,2023-04-08T12:00:00,,"8/4/23 12:00:00.00",,45142.5,,,,,,,,,
,,,,,2023-04-09,,"9/4/23",,45173,,,,,,,,,
,,,,,2023-04-09T12:00:00,,"9/4/23 12:00:00.00",,45173.5,,,,,,,,,
,,,,,2023-04-10,,"10/4/23",,45203,,,,,,,,,
,,,,,2023-04-10T12:00:00,,"10/4/23 12:00:00.00",,45203.5,,,,,,,,,
,,,,,2023-04-11,,"11/4/23",,45234,,,,,,,,,
,,,,,2023-04-11T12:00:00,,"11/4/23 12:00:00.00",,45234.5,,,,,,,,,
,,,,,2023-04-12,,"12/4/23",,45264,,,,,,,,,
,,,,,2023-04-12T12:00:00,,"12/4/23 12:00:00.00",,45264.5,,,,,,,,,
,,,,,2023-04-13,,"13/4/23",,"13/4/23",,,,,,,,,
,,,,,2023-04-13T12:00:00,,"13/4/23 12:00:00.00",,"13/4/23 12:00:00.00",,,,,,,,,
,,,,,2023-04-14,,"14/4/23",,"14/4/23",,,,,,,,,
,,,,,2023-04-14T12:00:00,,"14/4/23 12:00:00.00",,"14/4/23 12:00:00.00",,,,,,,,,
,,,,,2023-04-15,,"15/4/23",,"15/4/23",,,,,,,,,
,,,,,2023-04-15T12:00:00,,"15/4/23 12:00:00.00",,"15/4/23 12:00:00.00",,,,,,,,,
,,,,,2023-04-16,,"16/4/23",,"16/4/23",,,,,,,,,
,,,,,2023-04-16T12:00:00,,"16/4/23 12:00:00.00",,"16/4/23 12:00:00.00",,,,,,,,,
,,,,,2023-04-17,,"17/4/23",,"17/4/23",,,,,,,,,
,,,,,2023-04-17T12:00:00,,"17/4/23 12:00:00.00",,"17/4/23 12:00:00.00",,,,,,,,,
,,,,,2023-04-18,,"18/4/23",,"18/4/23",,,,,,,,,
,,,,,2023-04-18T12:00:00,,"18/4/23 12:00:00.00",,"18/4/23 12:00:00.00",,,,,,,,,
,,,,,2023-04-19,,"19/4/23",,"19/4/23",,,,,,,,,
,,,,,2023-04-19T12:00:00,,"19/4/23 12:00:00.00",,"19/4/23 12:00:00.00",,,,,,,,,
,,,,,2023-04-20,,"20/4/23",,"20/4/23",,,,,,,,,
,,,,,2023-04-20T12:00:00,,"20/4/23 12:00:00.00",,"20/4/23 12:00:00.00",,,,,,,,,
,,,,,2023-04-21,,"21/4/23",,"21/4/23",,,,,,,,,
,,,,,2023-04-21T12:00:00,,"21/4/23 12:00:00.00",,"21/4/23 12:00:00.00",,,,,,,,,
,,,,,2023-04-22,,"22/4/23",,"22/4/23",,,,,,,,,
,,,,,2023-04-22T12:00:00,,"22/4/23 12:00:00.00",,"22/4/23 12:00:00.00",,,,,,,,,
,,,,,2023-04-23,,"23/4/23",,"23/4/23",,,,,,,,,
,,,,,2023-04-23T12:00:00,,"23/4/23 12:00:00.00",,"23/4/23 12:00:00.00",,,,,,,,,
,,,,,2023-04-24,,"24/4/23",,"24/4/23",,,,,,,,,
,,,,,2023-04-24T12:00:00,,"24/4/23 12:00:00.00",,"24/4/23 12:00:00.00",,,,,,,,,
,,,,,2023-04-25,,"25/4/23",,"25/4/23",,,,,,,,,
,,,,,2023-04-25T12:00:00,,"25/4/23 12:00:00.00",,"25/4/23 12:00:00.00",,,,,,,,,
,,,,,2023-04-26,,"26/4/23",,"26/4/23",,,,,,,,,
,,,,,2023-04-26T12:00:00,,"26/4/23 12:00:00.00",,"26/4/23 12:00:00.00",,,,,,,,,
,,,,,2023-04-27,,"27/4/23",,"27/4/23",,,,,,,,,
,,,,,2023-04-27T12:00:00,,"27/4/23 12:00:00.00",,"27/4/23 12:00:00.00",,,,,,,,,
,,,,,2023-04-28,,"28/4/23",,"28/4/23",,,,,,,,,
,,,,,2023-04-28T12:00:00,,"28/4/23 12:00:00.00",,"28/4/23 12:00:00.00",,,,,,,,,
,,,,,2023-04-29,,"29/4/23",,"29/4/23",,,,,,,,,
,,,,,2023-04-29T12:00:00,,"29/4/23 12:00:00.00",,"29/4/23 12:00:00.00",,,,,,,,,
,,,,,2023-04-30,,"30/4/23",,"30/4/23",,,,,,,,,
,,,,,2023-04-30T12:00:00,,"30/4/23 12:00:00.00",,"30/4/23 12:00:00.00",,,,,,,,,
,,,,,2023-05-01,,"1/5/23",,44931,,,,,,,,,
,,,,,2023-05-01T12:00:00,,"1/5/23 12:00:00.00",,44931.5,,,,,,,,,
,,,,,2023-05-02,,"2/5/23",,44962,,,,,,,,,
,,,,,2023-05-02T12:00:00,,"2/5/23 12:00:00.00",,44962.5,,,,,,,,,
,,,,,2023-05-03,,"3/5/23",,44990,,,,,,,,,
,,,,,2023-05-03T12:00:00,,"3/5/23 12:00:00.00",,44990.5,,,,,,,,,
,,,,,2023-05-04,,"4/5/23",,45021,,,,,,,,,
,,,,,2023-05-04T12:00:00,,"4/5/23 12:00:00.00",,45021.5,,,,,,,,,
,,,,,2023-05-05,,"5/5/23",,45051,,,,,,,,,
,,,,,2023-05-05T12:00:00,,"5/5/23 12:00:00.00",,45051.5,,,,,,,,,
,,,,,2023-05-06,,"6/5/23",,45082,,,,,,,,,
,,,,,2023-05-06T12:00:00,,"6/5/23 12:00:00.00",,45082.5,,,,,,,,,
,,,,,2023-05-07,,"7/5/23",,45112,,,,,,,,,
,,,,,2023-05-07T12:00:00,,"7/5/23 12:00:00.00",,45112.5,,,,,,,,,
,,,,,2023-05-08,,"8/5/23",,45143,,,,,,,,,
,,,,,2023-05-08T12:00:00,,"8/5/23 12:00:00.00",,45143.5,,,,,,,,,
,,,,,2023-05-09,,"9/5/23",,45174,,,,,,,,,
,,,,,2023-05-09T12:00:00,,"9/5/23 12:00:00.00",,45174.5,,,,,,,,,
,,,,,2023-05-10,,"10/5/23",,45204,,,,,,,,,
,,,,,2023-05-10T12:00:00,,"10/5/23 12:00:00.00",,45204.5,,,,,,,,,
,,,,,2023-05-11,,"11/5/23",,45235,,,,,,,,,
,,,,,2023-05-11T12:00:00,,"11/5/23 12:00:00.00",,45235.5,,,,,,,,,
,,,,,2023-05-12,,"12/5/23",,45265,,,,,,,,,
,,,,,2023-05-12T12:00:00,,"12/5/23 12:00:00.00",,45265.5,,,,,,,,,
,,,,,2023-05-13,,"13/5/23",,"13/5/23",,,,,,,,,
,,,,,2023-05-13T12:00:00,,"13/5/23 12:00:00.00",,"13/5/23 12:00:00.00",,,,,,,,,
,,,,,2023-05-14,,"14/5/23",,"14/5/23",,,,,,,,,
,,,,,2023-05-14T12:00:00,,"14/5/23 12:00:00.00",,"14/5/23 12:00:00.00",,,,,,,,,
,,,,,2023-05-15,,"15/5/23",,"15/5/23",,,,,,,,,
,,,,,2023-05-15T12:00:00,,"15/5/23 12:00:00.00",,"15/5/23 12:00:00.00",,,,,,,,,
,,,,,2023-05-16,,"16/5/23",,"16/5/23",,,,,,,,,
,,,,,2023-05-16T12:00:00,,"16/5/23 12:00:00.00",,"16/5/23 12:00:00.00",,,,,,,,,
,,,,,2023-05-17,,"17/5/23",,"17/5/23",,,,,,,,,
,,,,,2023-05-17T12:00:00,,"17/5/23 12:00:00.00",,"17/5/23 12:00:00.00",,,,,,,,,
,,,,,2023-05-18,,"18/5/23",,"18/5/23",,,,,,,,,
,,,,,2023-05-18T12:00:00,,"18/5/23 12:00:00.00",,"18/5/23 12:00:00.00",,,,,,,,,
,,,,,2023-05-19,,"19/5/23",,"19/5/23",,,,,,,,,
,,,,,2023-05-19T12:00:00,,"19/5/23 12:00:00.00",,"19/5/23 12:00:00.00",,,,,,,,,
,,,,,2023-05-20,,"20/5/23",,"20/5/23",,,,,,,,,
,,,,,2023-05-20T12:00:00,,"20/5/23 12:00:00.00",,"20/5/23 12:00:00.00",,,,,,,,,
,,,,,2023-05-21,,"21/5/23",,"21/5/23",,,,,,,,,
,,,,,2023-05-21T12:00:00,,"21/5/23 12:00:00.00",,"21/5/23 12:00:00.00",,,,,,,,,
,,,,,2023-05-22,,"22/5/23",,"22/5/23",,,,,,,,,
,,,,,2023-05-22T12:00:00,,"22/5/23 12:00:00.00",,"22/5/23 12:00:00.00",,,,,,,,,
,,,,,2023-05-23,,"23/5/23",,"23/5/23",,,,,,,,,
,,,,,2023-05-23T12:00:00,,"23/5/23 12:00:00.00",,"23/5/23 12:00:00.00",,,,,,,,,
,,,,,2023-05-24,,"24/5/23",,"24/5/23",,,,,,,,,
,,,,,2023-05-24T12:00:00,,"24/5/23 12:00:00.00",,"24/5/23 12:00:00.00",,,,,,,,,
,,,,,2023-05-25,,"25/5/23",,"25/5/23",,,,,,,,,
,,,,,2023-05-25T12:00:00,,"25/5/23 12:00:00.00",,"25/5/23 12:00:00.00",,,,,,,,,
,,,,,2023-05-26,,"26/5/23",,"26/5/23",,,,,,,,,
,,,,,2023-05-26T12:00:00,,"26/5/23 12:00:00.00",,"26/5/23 12:00:00.00",,,,,,,,,
,,,,,2023-05-27,,"27/5/23",,"27/5/23",,,,,,,,,
,,,,,2023-05-27T12:00:00,,"27/5/23 12:00:00.00",,"27/5/23 12:00:00.00",,,,,,,,,
,,,,,2023-05-28,,"28/5/23",,"28/5/23",,,,,,,,,
,,,,,2023-05-28T12:00:00,,"28/5/23 12:00:00.00",,"28/5/23 12:00:00.00",,,,,,,,,
,,,,,2023-05-29,,"29/5/23",,"29/5/23",,,,,,,,,
,,,,,2023-05-29T12:00:00,,"29/5/23 12:00:00.00",,"29/5/23 12:00:00.00",,,,,,,,,
,,,,,2023-05-30,,"30/5/23",,"30/5/23",,,,,,,,,
,,,,,2023-05-30T12:00:00,,"30/5/23 12:00:00.00",,"30/5/23 12:00:00.00",,,,,,,,,
,,,,,2023-05-31,,"31/5/23",,"31/5/23",,,,,,,,,
,,,,,2023-05-31T12:00:00,,"31/5/23 12:00:00.00",,"31/5/23 12:00:00.00",,,,,,,,,
,,,,,2023-06-01,,"1/6/23",,44932,,,,,,,,,
,,,,,2023-06-01T12:00:00,,"1/6/23 12:00:00.00",,44932.5,,,,,,,,,
,,,,,2023-06-02,,"2/6/23",,44963,,,,,,,,,
,,,,,2023-06-02T12:00:00,,"2/6/23 12:00:00.00",,44963.5,,,,,,,,,
,,,,,2023-06-03,,"3/6/23",,44991,,,,,,,,,
,,,,,2023-06-03T12:00:00,,"3/6/23 12:00:00.00",,44991.5,,,,,,,,,
,,,,,2023-06-04,,"4/6/23",,45022,,,,,,,,,
,,,,,2023-06-04T12:00:00,,"4/6/23 12:00:00.00",,45022.5,,,,,,,,,
,,,,,2023-06-05,,"5/6/23",,45052,,,,,,,,,
,,,,,2023-06-05T12:00:00,,"5/6/23 12:00:00.00",,45052.5,,,,,,,,,
,,,,,2023-06-06,,"6/6/23",,45083,,,,,,,,,
,,,,,2023-06-06T12:00:00,,"6/6/23 12:00:00.00",,45083.5,,,,,,,,,
,,,,,2023-06-07,,"7/6/23",,45113,,,,,,,,,
,,,,,2023-06-07T12:00:00,,"7/6/23 12:00:00.00",,45113.5,,,,,,,,,
,,,,,2023-06-08,,"8/6/23",,45144,,,,,,,,,
,,,,,2023-06-08T12:00:00,,"8/6/23 12:00:00.00",,45144.5,,,,,,,,,
,,,,,2023-06-09,,"9/6/23",,45175,,,,,,,,,
,,,,,2023-06-09T12:00:00,,"9/6/23 12:00:00.00",,45175.5,,,,,,,,,
,,,,,2023-06-10,,"10/6/23",,45205,,,,,,,,,
,,,,,2023-06-10T12:00:00,,"10/6/23 12:00:00.00",,45205.5,,,,,,,,,
,,,,,2023-06-11,,"11/6/23",,45236,,,,,,,,,
,,,,,2023-06-11T12:00:00,,"11/6/23 12:00:00.00",,45236.5,,,,,,,,,
,,,,,2023-06-12,,"12/6/23",,45266,,,,,,,,,
,,,,,2023-06-12T12:00:00,,"12/6/23 12:00:00.00",,45266.5,,,,,,,,,
,,,,,2023-06-13,,"13/6/23",,"13/6/23",,,,,,,,,
,,,,,2023-06-13T12:00:00,,"13/6/23 12:00:00.00",,"13/6/23 12:00:00.00",,,,,,,,,
,,,,,2023-06-14,,"14/6/23",,"14/6/23",,,,,,,,,
,,,,,2023-06-14T12:00:00,,"14/6/23 12:00:00.00",,"14/6/23 12:00:00.00",,,,,,,,,
,,,,,2023-06-15,,"15/6/23",,"15/6/23",,,,,,,,,
,,,,,2023-06-15T12:00:00,,"15/6/23 12:00:00.00",,"15/6/23 12:00:00.00",,,,,,,,,
,,,,,2023-06-16,,"16/6/23",,"16/6/23",,,,,,,,,
,,,,,2023-06-16T12:00:00,,"16/6/23 12:00:00.00",,"16/6/23 12:00:00.00",,,,,,,,,
,,,,,2023-06-17,,"17/6/23",,"17/6/23",,,,,,,,,
,,,,,2023-06-17T12:00:00,,"17/6/23 12:00:00.00",,"17/6/23 12:00:00.00",,,,,,,,,
,,,,,2023-06-18,,"18/6/23",,"18/6/23",,,,,,,,,
,,,,,2023-06-18T12:00:00,,"18/6/23 12:00:00.00",,"18/6/23 12:00:00.00",,,,,,,,,
,,,,,2023-06-19,,"19/6/23",,"19/6/23",,,,,,,,,
,,,,,2023-06-19T12:00:00,,"19/6/23 12:00:00.00",,"19/6/23 12:00:00.00",,,,,,,,,
,,,,,2023-06-20,,"20/6/23",,"20/6/23",,,,,,,,,
,,,,,2023-06-20T12:00:00,,"20/6/23 12:00:00.00",,"20/6/23 12:00:00.00",,,,,,,,,
,,,,,2023-06-21,,"21/6/23",,"21/6/23",,,,,,,,,
,,,,,2023-06-21T12:00:00,,"21/6/23 12:00:00.00",,"21/6/23 12:00:00.00",,,,,,,,,
,,,,,2023-06-22,,"22/6/23",,"22/6/23",,,,,,,,,
,,,,,2023-06-22T12:00:00,,"22/6/23 12:00:00.00",,"22/6/23 12:00:00.00",,,,,,,,,
,,,,,2023-06-23,,"23/6/23",,"23/6/23",,,,,,,,,
,,,,,2023-06-23T12:00:00,,"23/6/23 12:00:00.00",,"23/6/23 12:00:00.00",,,,,,,,,
,,,,,2023-06-24,,"24/6/23",,"24/6/23",,,,,,,,,
,,,,,2023-06-24T12:00:00,,"24/6/23 12:00:00.00",,"24/6/23 12:00:00.00",,,,,,,,,
,,,,,2023-06-25,,"25/6/23",,"25/6/23",,,,,,,,,
,,,,,2023-06-25T12:00:00,,"25/6/23 12:00:00.00",,"25/6/23 12:00:00.00",,,,,,,,,
,,,,,2023-06-26,,"26/6/23",,"26/6/23",,,,,,,,,
,,,,,2023-06-26T12:00:00,,"26/6/23 12:00:00.00",,"26/6/23 12:00:00.00",,,,,,,,,
,,,,,2023-06-27,,"27/6/23",,"27/6/23",,,,,,,,,
,,,,,2023-06-27T12:00:00,,"27/6/23 12:00:00.00",,"27/6/23 12:00:00.00",,,,,,,,,
,,,,,2023-06-28,,"28/6/23",,"28/6/23",,,,,,,,,
,,,,,2023-06-28T12:00:00,,"28/6/23 12:00:00.00",,"28/6/23 12:00:00.00",,,,,,,,,
,,,,,2023-06-29,,"29/6/23",,"29/6/23",,,,,,,,,
,,,,,2023-06-29T12:00:00,,"29/6/23 12:00:00.00",,"29/6/23 12:00:00.00",,,,,,,,,
,,,,,2023-06-30,,"30/6/23",,"30/6/23",,,,,,,,,
,,,,,2023-06-30T12:00:00,,"30/6/23 12:00:00.00",,"30/6/23 12:00:00.00",,,,,,,,,
,,,,,2023-07-01,,"1/7/23",,44933,,,,,,,,,
,,,,,2023-07-01T12:00:00,,"1/7/23 12:00:00.00",,44933.5,,,,,,,,,
,,,,,2023-07-02,,"2/7/23",,44964,,,,,,,,,
,,,,,2023-07-02T12:00:00,,"2/7/23 12:00:00.00",,44964.5,,,,,,,,,
,,,,,2023-07-03,,"3/7/23",,44992,,,,,,,,,
,,,,,2023-07-03T12:00:00,,"3/7/23 12:00:00.00",,44992.5,,,,,,,,,
,,,,,2023-07-04,,"4/7/23",,45023,,,,,,,,,
,,,,,2023-07-04T12:00:00,,"4/7/23 12:00:00.00",,45023.5,,,,,,,,,
,,,,,2023-07-05,,"5/7/23",,45053,,,,,,,,,
,,,,,2023-07-05T12:00:00,,"5/7/23 12:00:00.00",,45053.5,,,,,,,,,
,,,,,2023-07-06,,"6/7/23",,45084,,,,,,,,,
,,,,,2023-07-06T12:00:00,,"6/7/23 12:00:00.00",,45084.5,,,,,,,,,
,,,,,2023-07-07,,"7/7/23",,45114,,,,,,,,,
,,,,,2023-07-07T12:00:00,,"7/7/23 12:00:00.00",,45114.5,,,,,,,,,
,,,,,2023-07-08,,"8/7/23",,45145,,,,,,,,,
,,,,,2023-07-08T12:00:00,,"8/7/23 12:00:00.00",,45145.5,,,,,,,,,
,,,,,2023-07-09,,"9/7/23",,45176,,,,,,,,,
,,,,,2023-07-09T12:00:00,,"9/7/23 12:00:00.00",,45176.5,,,,,,,,,
,,,,,2023-07-10,,"10/7/23",,45206,,,,,,,,,
,,,,,2023-07-10T12:00:00,,"10/7/23 12:00:00.00",,45206.5,,,,,,,,,
,,,,,2023-07-11,,"11/7/23",,45237,,,,,,,,,
,,,,,2023-07-11T12:00:00,,"11/7/23 12:00:00.00",,45237.5,,,,,,,,,
,,,,,2023-07-12,,"12/7/23",,45267,,,,,,,,,
,,,,,2023-07-12T12:00:00,,"12/7/23 12:00:00.00",,45267.5,,,,,,,,,
,,,,,2023-07-13,,"13/7/23",,"13/7/23",,,,,,,,,
,,,,,2023-07-13T12:00:00,,"13/7/23 12:00:00.00",,"13/7/23 12:00:00.00",,,,,,,,,
,,,,,2023-07-14,,"14/7/23",,"14/7/23",,,,,,,,,
,,,,,2023-07-14T12:00:00,,"14/7/23 12:00:00.00",,"14/7/23 12:00:00.00",,,,,,,,,
,,,,,2023-07-15,,"15/7/23",,"15/7/23",,,,,,,,,
,,,,,2023-07-15T12:00:00,,"15/7/23 12:00:00.00",,"15/7/23 12:00:00.00",,,,,,,,,
,,,,,2023-07-16,,"16/7/23",,"16/7/23",,,,,,,,,
,,,,,2023-07-16T12:00:00,,"16/7/23 12:00:00.00",,"16/7/23 12:00:00.00",,,,,,,,,
,,,,,2023-07-17,,"17/7/23",,"17/7/23",,,,,,,,,
,,,,,2023-07-17T12:00:00,,"17/7/23 12:00:00.00",,"17/7/23 12:00:00.00",,,,,,,,,
,,,,,2023-07-18,,"18/7/23",,"18/7/23",,,,,,,,,
,,,,,2023-07-18T12:00:00,,"18/7/23 12:00:00.00",,"18/7/23 12:00:00.00",,,,,,,,,
,,,,,2023-07-19,,"19/7/23",,"19/7/23",,,,,,,,,
,,,,,2023-07-19T12:00:00,,"19/7/23 12:00:00.00",,"19/7/23 12:00:00.00",,,,,,,,,
,,,,,2023-07-20,,"20/7/23",,"20/7/23",,,,,,,,,
,,,,,2023-07-20T12:00:00,,"20/7/23 12:00:00.00",,"20/7/23 12:00:00.00",,,,,,,,,
,,,,,2023-07-21,,"21/7/23",,"21/7/23",,,,,,,,,
,,,,,2023-07-21T12:00:00,,"21/7/23 12:00:00.00",,"21/7/23 12:00:00.00",,,,,,,,,
,,,,,2023-07-22,,"22/7/23",,"22/7/23",,,,,,,,,
,,,,,2023-07-22T12:00:00,,"22/7/23 12:00:00.00",,"22/7/23 12:00:00.00",,,,,,,,,
,,,,,2023-07-23,,"23/7/23",,"23/7/23",,,,,,,,,
,,,,,2023-07-23T12:00:00,,"23/7/23 12:00:00.00",,"23/7/23 12:00:00.00",,,,,,,,,
,,,,,2023-07-24,,"24/7/23",,"24/7/23",,,,,,,,,
,,,,,2023-07-24T12:00:00,,"24/7/23 12:00:00.00",,"24/7/23 12:00:00.00",,,,,,,,,
,,,,,2023-07-25,,"25/7/23",,"25/7/23",,,,,,,,,
,,,,,2023-07-25T12:00:00,,"25/7/23 12:00:00.00",,"25/7/23 12:00:00.00",,,,,,,,,
,,,,,2023-07-26,,"26/7/23",,"26/7/23",,,,,,,,,
,,,,,2023-07-26T12:00:00,,"26/7/23 12:00:00.00",,"26/7/23 12:00:00.00",,,,,,,,,
,,,,,2023-07-27,,"27/7/23",,"27/7/23",,,,,,,,,
,,,,,2023-07-27T12:00:00,,"27/7/23 12:00:00.00",,"27/7/23 12:00:00.00",,,,,,,,,
,,,,,2023-07-28,,"28/7/23",,"28/7/23",,,,,,,,,
,,,,,2023-07-28T12:00:00,,"28/7/23 12:00:00.00",,"28/7/23 12:00:00.00",,,,,,,,,
,,,,,2023-07-29,,"29/7/23",,"29/7/23",,,,,,,,,
,,,,,2023-07-29T12:00:00,,"29/7/23 12:00:00.00",,"29/7/23 12:00:00.00",,,,,,,,,
,,,,,2023-07-30,,"30/7/23",,"30/7/23",,,,,,,,,
,,,,,2023-07-30T12:00:00,,"30/7/23 12:00:00.00",,"30/7/23 12:00:00.00",,,,,,,,,
,,,,,2023-07-31,,"31/7/23",,"31/7/23",,,,,,,,,
,,,,,2023-07-31T12:00:00,,"31/7/23 12:00:00.00",,"31/7/23 12:00:00.00",,,,,,,,,
,,,,,2023-08-01,,"1/8/23",,44934,,,,,,,,,
,,,,,2023-08-01T12:00:00,,"1/8/23 12:00:00.00",,44934.5,,,,,,,,,
,,,,,2023-08-02,,"2/8/23",,44965,,,,,,,,,
,,,,,2023-08-02T12:00:00,,"2/8/23 12:00:00.00",,44965.5,,,,,,,,,
,,,,,2023-08-03,,"3/8/23",,44993,,,,,,,,,
,,,,,2023-08-03T12:00:00,,"3/8/23 12:00:00.00",,44993.5,,,,,,,,,
,,,,,2023-08-04,,"4/8/23",,45024,,,,,,,,,
,,,,,2023-08-04T12:00:00,,"4/8/23 12:00:00.00",,45024.5,,,,,,,,,
,,,,,2023-08-05,,"5/8/23",,45054,,,,,,,,,
,,,,,2023-08-05T12:00:00,,"5/8/23 12:00:00.00",,45054.5,,,,,,,,,
,,,,,2023-08-06,,"6/8/23",,45085,,,,,,,,,
,,,,,2023-08-06T12:00:00,,"6/8/23 12:00:00.00",,45085.5,,,,,,,,,
,,,,,2023-08-07,,"7/8/23",,45115,,,,,,,,,
,,,,,2023-08-07T12:00:00,,"7/8/23 12:00:00.00",,45115.5,,,,,,,,,
,,,,,2023-08-08,,"8/8/23",,45146,,,,,,,,,
,,,,,2023-08-08T12:00:00,,"8/8/23 12:00:00.00",,45146.5,,,,,,,,,
,,,,,2023-08-09,,"9/8/23",,45177,,,,,,,,,
,,,,,2023-08-09T12:00:00,,"9/8/23 12:00:00.00",,45177.5,,,,,,,,,
,,,,,2023-08-10,,"10/8/23",,45207,,,,,,,,,
,,,,,2023-08-10T12:00:00,,"10/8/23 12:00:00.00",,45207.5,,,,,,,,,
,,,,,2023-08-11,,"11/8/23",,45238,,,,,,,,,
,,,,,2023-08-11T12:00:00,,"11/8/23 12:00:00.00",,45238.5,,,,,,,,,
,,,,,2023-08-12,,"12/8/23",,45268,,,,,,,,,
,,,,,2023-08-12T12:00:00,,"12/8/23 12:00:00.00",,45268.5,,,,,,,,,
,,,,,2023-08-13,,"13/8/23",,"13/8/23",,,,,,,,,
,,,,,2023-08-13T12:00:00,,"13/8/23 12:00:00.00",,"13/8/23 12:00:00.00",,,,,,,,,
,,,,,2023-08-14,,"14/8/23",,"14/8/23",,,,,,,,,
,,,,,2023-08-14T12:00:00,,"14/8/23 12:00:00.00",,"14/8/23 12:00:00.00",,,,,,,,,
,,,,,2023-08-15,,"15/8/23",,"15/8/23",,,,,,,,,
,,,,,2023-08-15T12:00:00,,"15/8/23 12:00:00.00",,"15/8/23 12:00:00.00",,,,,,,,,
,,,,,2023-08-16,,"16/8/23",,"16/8/23",,,,,,,,,
,,,,,2023-08-16T12:00:00,,"16/8/23 12:00:00.00",,"16/8/23 12:00:00.00",,,,,,,,,
,,,,,2023-08-17,,"17/8/23",,"17/8/23",,,,,,,,,
,,,,,2023-08-17T12:00:00,,"17/8/23 12:00:00.00",,"17/8/23 12:00:00.00",,,,,,,,,
,,,,,2023-08-18,,"18/8/23",,"18/8/23",,,,,,,,,
,,,,,2023-08-18T12:00:00,,"18/8/23 12:00:00.00",,"18/8/23 12:00:00.00",,,,,,,,,
,,,,,2023-08-19,,"19/8/23",,"19/8/23",,,,,,,,,
,,,,,2023-08-19T12:00:00,,"19/8/23 12:00:00.00",,"19/8/23 12:00:00.00",,,,,,,,,
,,,,,2023-08-20,,"20/8/23",,"20/8/23",,,,,,,,,
,,,,,2023-08-20T12:00:00,,"20/8/23 12:00:00.00",,"20/8/23 12:00:00.00",,,,,,,,,
,,,,,2023-08-21,,"21/8/23",,"21/8/23",,,,,,,,,
,,,,,2023-08-21T12:00:00,,"21/8/23 12:00:00.00",,"21/8/23 12:00:00.00",,,,,,,,,
,,,,,2023-08-22,,"22/8/23",,"22/8/23",,,,,,,,,
,,,,,2023-08-22T12:00:00,,"22/8/23 12:00:00.00",,"22/8/23 12:00:00.00",,,,,,,,,
,,,,,2023-08-23,,"23/8/23",,"23/8/23",,,,,,,,,
,,,,,2023-08-23T12:00:00,,"23/8/23 12:00:00.00",,"23/8/23 12:00:00.00",,,,,,,,,
,,,,,2023-08-24,,"24/8/23",,"24/8/23",,,,,,,,,
,,,,,2023-08-24T12:00:00,,"24/8/23 12:00:00.00",,"24/8/23 12:00:00.00",,,,,,,,,
,,,,,2023-08-25,,"25/8/23",,"25/8/23",,,,,,,,,
,,,,,2023-08-25T12:00:00,,"25/8/23 12:00:00.00",,"25/8/23 12:00:00.00",,,,,,,,,
,,,,,2023-08-26,,"26/8/23",,"26/8/23",,,,,,,,,
,,,,,2023-08-26T12:00:00,,"26/8/23 12:00:00.00",,"26/8/23 12:00:00.00",,,,,,,,,
,,,,,2023-08-27,,"27/8/23",,"27/8/23",,,,,,,,,
,,,,,2023-08-27T12:00:00,,"27/8/23 12:00:00.00",,"27/8/23 12:00:00.00",,,,,,,,,
,,,,,2023-08-28,,"28/8/23",,"28/8/23",,,,,,,,,
,,,,,2023-08-28T12:00:00,,"28/8/23 12:00:00.00",,"28/8/23 12:00:00.00",,,,,,,,,
,,,,,2023-08-29,,"29/8/23",,"29/8/23",,,,,,,,,
,,,,,2023-08-29T12:00:00,,"29/8/23 12:00:00.00",,"29/8/23 12:00:00.00",,,,,,,,,
,,,,,2023-08-30,,"30/8/23",,"30/8/23",,,,,,,,,
,,,,,2023-08-30T12:00:00,,"30/8/23 12:00:00.00",,"30/8/23 12:00:00.00",,,,,,,,,
,,,,,2023-08-31,,"31/8/23",,"31/8/23",,,,,,,,,
,,,,,2023-08-31T12:00:00,,"31/8/23 12:00:00.00",,"31/8/23 12:00:00.00",,,,,,,,,
,,,,,2023-09-01,,"1/9/23",,44935,,,,,,,,,
,,,,,2023-09-01T12:00:00,,"1/9/23 12:00:00.00",,44935.5,,,,,,,,,
,,,,,2023-09-02,,"2/9/23",,44966,,,,,,,,,
,,,,,2023-09-02T12:00:00,,"2/9/23 12:00:00.00",,44966.5,,,,,,,,,
,,,,,2023-09-03,,"3/9/23",,44994,,,,,,,,,
,,,,,2023-09-03T12:00:00,,"3/9/23 12:00:00.00",,44994.5,,,,,,,,,
,,,,,2023-09-04,,"4/9/23",,45025,,,,,,,,,
,,,,,2023-09-04T12:00:00,,"4/9/23 12:00:00.00",,45025.5,,,,,,,,,
,,,,,2023-09-05,,"5/9/23",,45055,,,,,,,,,
,,,,,2023-09-05T12:00:00,,"5/9/23 12:00:00.00",,45055.5,,,,,,,,,
,,,,,2023-09-06,,"6/9/23",,45086,,,,,,,,,
,,,,,2023-09-06T12:00:00,,"6/9/23 12:00:00.00",,45086.5,,,,,,,,,
,,,,,2023-09-07,,"7/9/23",,45116,,,,,,,,,
,,,,,2023-09-07T12:00:00,,"7/9/23 12:00:00.00",,45116.5,,,,,,,,,
,,,,,2023-09-08,,"8/9/23",,45147,,,,,,,,,
,,,,,2023-09-08T12:00:00,,"8/9/23 12:00:00.00",,45147.5,,,,,,,,,
,,,,,2023-09-09,,"9/9/23",,45178,,,,,,,,,
,,,,,2023-09-09T12:00:00,,"9/9/23 12:00:00.00",,45178.5,,,,,,,,,
,,,,,2023-09-10,,"10/9/23",,45208,,,,,,,,,
,,,,,2023-09-10T12:00:00,,"10/9/23 12:00:00.00",,45208.5,,,,,,,,,
,,,,,2023-09-11,,"11/9/23",,45239,,,,,,,,,
,,,,,2023-09-11T12:00:00,,"11/9/23 12:00:00.00",,45239.5,,,,,,,,,
,,,,,2023-09-12,,"12/9/23",,45269,,,,,,,,,
,,,,,2023-09-12T12:00:00,,"12/9/23 12:00:00.00",,45269.5,,,,,,,,,
,,,,,2023-09-13,,"13/9/23",,"13/9/23",,,,,,,,,
,,,,,2023-09-13T12:00:00,,"13/9/23 12:00:00.00",,"13/9/23 12:00:00.00",,,,,,,,,
,,,,,2023-09-14,,"14/9/23",,"14/9/23",,,,,,,,,
,,,,,2023-09-14T12:00:00,,"14/9/23 12:00:00.00",,"14/9/23 12:00:00.00",,,,,,,,,
,,,,,2023-09-15,,"15/9/23",,"15/9/23",,,,,,,,,
,,,,,2023-09-15T12:00:00,,"15/9/23 12:00:00.00",,"15/9/23 12:00:00.00",,,,,,,,,
,,,,,2023-09-16,,"16/9/23",,"16/9/23",,,,,,,,,
,,,,,2023-09-16T12:00:00,,"16/9/23 12:00:00.00",,"16/9/23 12:00:00.00",,,,,,,,,
,,,,,2023-09-17,,"17/9/23",,"17/9/23",,,,,,,,,
,,,,,2023-09-17T12:00:00,,"17/9/23 12:00:00.00",,"17/9/23 12:00:00.00",,,,,,,,,
,,,,,2023-09-18,,"18/9/23",,"18/9/23",,,,,,,,,
,,,,,2023-09-18T12:00:00,,"18/9/23 12:00:00.00",,"18/9/23 12:00:00.00",,,,,,,,,
,,,,,2023-09-19,,"19/9/23",,"19/9/23",,,,,,,,,
,,,,,2023-09-19T12:00:00,,"19/9/23 12:00:00.00",,"19/9/23 12:00:00.00",,,,,,,,,
,,,,,2023-09-20,,"20/9/23",,"20/9/23",,,,,,,,,
,,,,,2023-09-20T12:00:00,,"20/9/23 12:00:00.00",,"20/9/23 12:00:00.00",,,,,,,,,
,,,,,2023-09-21,,"21/9/23",,"21/9/23",,,,,,,,,
,,,,,2023-09-21T12:00:00,,"21/9/23 12:00:00.00",,"21/9/23 12:00:00.00",,,,,,,,,
,,,,,2023-09-22,,"22/9/23",,"22/9/23",,,,,,,,,
,,,,,2023-09-22T12:00:00,,"22/9/23 12:00:00.00",,"22/9/23 12:00:00.00",,,,,,,,,
,,,,,2023-09-23,,"23/9/23",,"23/9/23",,,,,,,,,
,,,,,2023-09-23T12:00:00,,"23/9/23 12:00:00.00",,"23/9/23 12:00:00.00",,,,,,,,,
,,,,,2023-09-24,,"24/9/23",,"24/9/23",,,,,,,,,
,,,,,2023-09-24T12:00:00,,"24/9/23 12:00:00.00",,"24/9/23 12:00:00.00",,,,,,,,,
,,,,,2023-09-25,,"25/9/23",,"25/9/23",,,,,,,,,
,,,,,2023-09-25T12:00:00,,"25/9/23 12:00:00.00",,"25/9/23 12:00:00.00",,,,,,,,,
,,,,,2023-09-26,,"26/9/23",,"26/9/23",,,,,,,,,
,,,,,2023-09-26T12:00:00,,"26/9/23 12:00:00.00",,"26/9/23 12:00:00.00",,,,,,,,,
,,,,,2023-09-27,,"27/9/23",,"27/9/23",,,,,,,,,
,,,,,2023-09-27T12:00:00,,"27/9/23 12:00:00.00",,"27/9/23 12:00:00.00",,,,,,,,,
,,,,,2023-09-28,,"28/9/23",,"28/9/23",,,,,,,,,
,,,,,2023-09-28T12:00:00,,"28/9/23 12:00:00.00",,"28/9/23 12:00:00.00",,,,,,,,,
,,,,,2023-09-29,,"29/9/23",,"29/9/23",,,,,,,,,
,,,,,2023-09-29T12:00:00,,"29/9/23 12:00:00.00",,"29/9/23 12:00:00.00",,,,,,,,,
,,,,,2023-09-30,,"30/9/23",,"30/9/23",,,,,,,,,
,,,,,2023-09-30T12:00:00,,"30/9/23 12:00:00.00",,"30/9/23 12:00:00.00",,,,,,,,,
,,,,,2023-10-01,,"1/10/23",,44936,,,,,,,,,
,,,,,2023-10-01T12:00:00,,"1/10/23 12:00:00.00",,44936.5,,,,,,,,,
,,,,,2023-10-02,,"2/10/23",,44967,,,,,,,,,
,,,,,2023-10-02T12:00:00,,"2/10/23 12:00:00.00",,44967.5,,,,,,,,,
,,,,,2023-10-03,,"3/10/23",,44995,,,,,,,,,
,,,,,2023-10-03T12:00:00,,"3/10/23 12:00:00.00",,44995.5,,,,,,,,,
,,,,,2023-10-04,,"4/10/23",,45026,,,,,,,,,
,,,,,2023-10-04T12:00:00,,"4/10/23 12:00:00.00",,45026.5,,,,,,,,,
,,,,,2023-10-05,,"5/10/23",,45056,,,,,,,,,
,,,,,2023-10-05T12:00:00,,"5/10/23 12:00:00.00",,45056.5,,,,,,,,,
,,,,,2023-10-06,,"6/10/23",,45087,,,,,,,,,
,,,,,2023-10-06T12:00:00,,"6/10/23 12:00:00.00",,45087.5,,,,,,,,,
,,,,,2023-10-07,,"7/10/23",,45117,,,,,,,,,
,,,,,2023-10-07T12:00:00,,"7/10/23 12:00:00.00",,45117.5,,,,,,,,,
,,,,,2023-10-08,,"8/10/23",,45148,,,,,,,,,
,,,,,2023-10-08T12:00:00,,"8/10/23 12:00:00.00",,45148.5,,,,,,,,,
,,,,,2023-10-09,,"9/10/23",,45179,,,,,,,,,
,,,,,2023-10-09T12:00:00,,"9/10/23 12:00:00.00",,45179.5,,,,,,,,,
,,,,,2023-10-10,,"10/10/23",,45209,,,,,,,,,
,,,,,2023-10-10T12:00:00,,"10/10/23 12:00:00.00",,45209.5,,,,,,,,,
,,,,,2023-10-11,,"11/10/23",,45240,,,,,,,,,
,,,,,2023-10-11T12:00:00,,"11/10/23 12:00:00.00",,45240.5,,,,,,,,,
,,,,,2023-10-12,,"12/10/23",,45270,,,,,,,,,
,,,,,2023-10-12T12:00:00,,"12/10/23 12:00:00.00",,45270.5,,,,,,,,,
,,,,,2023-10-13,,"13/10/23",,"13/10/23",,,,,,,,,
,,,,,2023-10-13T12:00:00,,"13/10/23 12:00:00.00",,"13/10/23 12:00:00.00",,,,,,,,,
,,,,,2023-10-14,,"14/10/23",,"14/10/23",,,,,,,,,
,,,,,2023-10-14T12:00:00,,"14/10/23 12:00:00.00",,"14/10/23 12:00:00.00",,,,,,,,,
,,,,,2023-10-15,,"15/10/23",,"15/10/23",,,,,,,,,
,,,,,2023-10-15T12:00:00,,"15/10/23 12:00:00.00",,"15/10/23 12:00:00.00",,,,,,,,,
,,,,,2023-10-16,,"16/10/23",,"16/10/23",,,,,,,,,
,,,,,2023-10-16T12:00:00,,"16/10/23 12:00:00.00",,"16/10/23 12:00:00.00",,,,,,,,,
,,,,,2023-10-17,,"17/10/23",,"17/10/23",,,,,,,,,
,,,,,2023-10-17T12:00:00,,"17/10/23 12:00:00.00",,"17/10/23 12:00:00.00",,,,,,,,,
,,,,,2023-10-18,,"18/10/23",,"18/10/23",,,,,,,,,
,,,,,2023-10-18T12:00:00,,"18/10/23 12:00:00.00",,"18/10/23 12:00:00.00",,,,,,,,,
,,,,,2023-10-19,,"19/10/23",,"19/10/23",,,,,,,,,
,,,,,2023-10-19T12:00:00,,"19/10/23 12:00:00.00",,"19/10/23 12:00:00.00",,,,,,,,,
,,,,,2023-10-20,,"20/10/23",,"20/10/23",,,,,,,,,
,,,,,2023-10-20T12:00:00,,"20/10/23 12:00:00.00",,"20/10/23 12:00:00.00",,,,,,,,,
,,,,,2023-10-21,,"21/10/23",,"21/10/23",,,,,,,,,
,,,,,2023-10-21T12:00:00,,"21/10/23 12:00:00.00",,"21/10/23 12:00:00.00",,,,,,,,,
,,,,,2023-10-22,,"22/10/23",,"22/10/23",,,,,,,,,
,,,,,2023-10-22T12:00:00,,"22/10/23 12:00:00.00",,"22/10/23 12:00:00.00",,,,,,,,,
,,,,,2023-10-23,,"23/10/23",,"23/10/23",,,,,,,,,
,,,,,2023-10-23T12:00:00,,"23/10/23 12:00:00.00",,"23/10/23 12:00:00.00",,,,,,,,,
,,,,,2023-10-24,,"24/10/23",,"24/10/23",,,,,,,,,
,,,,,2023-10-24T12:00:00,,"24/10/23 12:00:00.00",,"24/10/23 12:00:00.00",,,,,,,,,
,,,,,2023-10-25,,"25/10/23",,"25/10/23",,,,,,,,,
,,,,,2023-10-25T12:00:00,,"25/10/23 12:00:00.00",,"25/10/23 12:00:00.00",,,,,,,,,
,,,,,2023-10-26,,"26/10/23",,"26/10/23",,,,,,,,,
,,,,,2023-10-26T12:00:00,,"26/10/23 12:00:00.00",,"26/10/23 12:00:00.00",,,,,,,,,
,,,,,2023-10-27,,"27/10/23",,"27/10/23",,,,,,,,,
,,,,,2023-10-27T12:00:00,,"27/10/23 12:00:00.00",,"27/10/23 12:00:00.00",,,,,,,,,
,,,,,2023-10-28,,"28/10/23",,"28/10/23",,,,,,,,,
,,,,,2023-10-28T12:00:00,,"28/10/23 12:00:00.00",,"28/10/23 12:00:00.00",,,,,,,,,
,,,,,2023-10-29,,"29/10/23",,"29/10/23",,,,,,,,,
,,,,,2023-10-29T12:00:00,,"29/10/23 12:00:00.00",,"29/10/23 12:00:00.00",,,,,,,,,
,,,,,2023-10-30,,"30/10/23",,"30/10/23",,,,,,,,,
,,,,,2023-10-30T12:00:00,,"30/10/23 12:00:00.00",,"30/10/23 12:00:00.00",,,,,,,,,
,,,,,2023-10-31,,"31/10/23",,"31/10/23",,,,,,,,,
,,,,,2023-10-31T12:00:00,,"31/10/23 12:00:00.00",,"31/10/23 12:00:00.00",,,,,,,,,
,,,,,2023-11-01,,"1/11/23",,44937,,,,,,,,,
,,,,,2023-11-01T12:00:00,,"1/11/23 12:00:00.00",,44937.5,,,,,,,,,
,,,,,2023-11-02,,"2/11/23",,44968,,,,,,,,,
,,,,,2023-11-02T12:00:00,,"2/11/23 12:00:00.00",,44968.5,,,,,,,,,
,,,,,2023-11-03,,"3/11/23",,44996,,,,,,,,,
,,,,,2023-11-03T12:00:00,,"3/11/23 12:00:00.00",,44996.5,,,,,,,,,
,,,,,2023-11-04,,"4/11/23",,45027,,,,,,,,,
,,,,,2023-11-04T12:00:00,,"4/11/23 12:00:00.00",,45027.5,,,,,,,,,
,,,,,2023-11-05,,"5/11/23",,45057,,,,,,,,,
,,,,,2023-11-05T12:00:00,,"5/11/23 12:00:00.00",,45057.5,,,,,,,,,
,,,,,2023-11-06,,"6/11/23",,45088,,,,,,,,,
,,,,,2023-11-06T12:00:00,,"6/11/23 12:00:00.00",,45088.5,,,,,,,,,
,,,,,2023-11-07,,"7/11/23",,45118,,,,,,,,,
,,,,,2023-11-07T12:00:00,,"7/11/23 12:00:00.00",,45118.5,,,,,,,,,
,,,,,2023-11-08,,"8/11/23",,45149,,,,,,,,,
,,,,,2023-11-08T12:00:00,,"8/11/23 12:00:00.00",,45149.5,,,,,,,,,
,,,,,2023-11-09,,"9/11/23",,45180,,,,,,,,,
,,,,,2023-11-09T12:00:00,,"9/11/23 12:00:00.00",,45180.5,,,,,,,,,
,,,,,2023-11-10,,"10/11/23",,45210,,,,,,,,,
,,,,,2023-11-10T12:00:00,,"10/11/23 12:00:00.00",,45210.5,,,,,,,,,
,,,,,2023-11-11,,"11/11/23",,45241,,,,,,,,,
,,,,,2023-11-11T12:00:00,,"11/11/23 12:00:00.00",,45241.5,,,,,,,,,
,,,,,2023-11-12,,"12/11/23",,45271,,,,,,,,,
,,,,,2023-11-12T12:00:00,,"12/11/23 12:00:00.00",,45271.5,,,,,,,,,
,,,,,2023-11-13,,"13/11/23",,"13/11/23",,,,,,,,,
,,,,,2023-11-13T12:00:00,,"13/11/23 12:00:00.00",,"13/11/23 12:00:00.00",,,,,,,,,
,,,,,2023-11-14,,"14/11/23",,"14/11/23",,,,,,,,,
,,,,,2023-11-14T12:00:00,,"14/11/23 12:00:00.00",,"14/11/23 12:00:00.00",,,,,,,,,
,,,,,2023-11-15,,"15/11/23",,"15/11/23",,,,,,,,,
,,,,,2023-11-15T12:00:00,,"15/11/23 12:00:00.00",,"15/11/23 12:00:00.00",,,,,,,,,
,,,,,2023-11-16,,"16/11/23",,"16/11/23",,,,,,,,,
,,,,,2023-11-16T12:00:00,,"16/11/23 12:00:00.00",,"16/11/23 12:00:00.00",,,,,,,,,
,,,,,2023-11-17,,"17/11/23",,"17/11/23",,,,,,,,,
,,,,,2023-11-17T12:00:00,,"17/11/23 12:00:00.00",,"17/11/23 12:00:00.00",,,,,,,,,
,,,,,2023-11-18,,"18/11/23",,"18/11/23",,,,,,,,,
,,,,,2023-11-18T12:00:00,,"18/11/23 12:00:00.00",,"18/11/23 12:00:00.00",,,,,,,,,
,,,,,2023-11-19,,"19/11/23",,"19/11/23",,,,,,,,,
,,,,,2023-11-19T12:00:00,,"19/11/23 12:00:00.00",,"19/11/23 12:00:00.00",,,,,,,,,
,,,,,2023-11-20,,"20/11/23",,"20/11/23",,,,,,,,,
,,,,,2023-11-20T12:00:00,,"20/11/23 12:00:00.00",,"20/11/23 12:00:00.00",,,,,,,,,
,,,,,2023-11-21,,"21/11/23",,"21/11/23",,,,,,,,,
,,,,,2023-11-21T12:00:00,,"21/11/23 12:00:00.00",,"21/11/23 12:00:00.00",,,,,,,,,
,,,,,2023-11-22,,"22/11/23",,"22/11/23",,,,,,,,,
,,,,,2023-11-22T12:00:00,,"22/11/23 12:00:00.00",,"22/11/23 12:00:00.00",,,,,,,,,
,,,,,2023-11-23,,"23/11/23",,"23/11/23",,,,,,,,,
,,,,,2023-11-23T12:00:00,,"23/11/23 12:00:00.00",,"23/11/23 12:00:00.00",,,,,,,,,
,,,,,2023-11-24,,"24/11/23",,"24/11/23",,,,,,,,,
,,,,,2023-11-24T12:00:00,,"24/11/23 12:00:00.00",,"24/11/23 12:00:00.00",,,,,,,,,
,,,,,2023-11-25,,"25/11/23",,"25/11/23",,,,,,,,,
,,,,,2023-11-25T12:00:00,,"25/11/23 12:00:00.00",,"25/11/23 12:00:00.00",,,,,,,,,
,,,,,2023-11-26,,"26/11/23",,"26/11/23",,,,,,,,,
,,,,,2023-11-26T12:00:00,,"26/11/23 12:00:00.00",,"26/11/23 12:00:00.00",,,,,,,,,
,,,,,2023-11-27,,"27/11/23",,"27/11/23",,,,,,,,,
,,,,,2023-11-27T12:00:00,,"27/11/23 12:00:00.00",,"27/11/23 12:00:00.00",,,,,,,,,
,,,,,2023-11-28,,"28/11/23",,"28/11/23",,,,,,,,,
,,,,,2023-11-28T12:00:00,,"28/11/23 12:00:00.00",,"28/11/23 12:00:00.00",,,,,,,,,
,,,,,2023-11-29,,"29/11/23",,"29/11/23",,,,,,,,,
,,,,,2023-11-29T12:00:00,,"29/11/23 12:00:00.00",,"29/11/23 12:00:00.00",,,,,,,,,
,,,,,2023-11-30,,"30/11/23",,"30/11/23",,,,,,,,,
,,,,,2023-11-30T12:00:00,,"30/11/23 12:00:00.00",,"30/11/23 12:00:00.00",,,,,,,,,
,,,,,2023-12-01,,"1/12/23",,44938,,,,,,,,,
,,,,,2023-12-01T12:00:00,,"1/12/23 12:00:00.00",,44938.5,,,,,,,,,
,,,,,2023-12-02,,"2/12/23",,44969,,,,,,,,,
,,,,,2023-12-02T12:00:00,,"2/12/23 12:00:00.00",,44969.5,,,,,,,,,
,,,,,2023-12-03,,"3/12/23",,44997,,,,,,,,,
,,,,,2023-12-03T12:00:00,,"3/12/23 12:00:00.00",,44997.5,,,,,,,,,
,,,,,2023-12-04,,"4/12/23",,45028,,,,,,,,,
,,,,,2023-12-04T12:00:00,,"4/12/23 12:00:00.00",,45028.5,,,,,,,,,
,,,,,2023-12-05,,"5/12/23",,45058,,,,,,,,,
,,,,,2023-12-05T12:00:00,,"5/12/23 12:00:00.00",,45058.5,,,,,,,,,
,,,,,2023-12-06,,"6/12/23",,45089,,,,,,,,,
,,,,,2023-12-06T12:00:00,,"6/12/23 12:00:00.00",,45089.5,,,,,,,,,
,,,,,2023-12-07,,"7/12/23",,45119,,,,,,,,,
,,,,,2023-12-07T12:00:00,,"7/12/23 12:00:00.00",,45119.5,,,,,,,,,
,,,,,2023-12-08,,"8/12/23",,45150,,,,,,,,,
,,,,,2023-12-08T12:00:00,,"8/12/23 12:00:00.00",,45150.5,,,,,,,,,
,,,,,2023-12-09,,"9/12/23",,45181,,,,,,,,,
,,,,,2023-12-09T12:00:00,,"9/12/23 12:00:00.00",,45181.5,,,,,,,,,
,,,,,2023-12-10,,"10/12/23",,45211,,,,,,,,,
,,,,,2023-12-10T12:00:00,,"10/12/23 12:00:00.00",,45211.5,,,,,,,,,
,,,,,2023-12-11,,"11/12/23",,45242,,,,,,,,,
,,,,,2023-12-11T12:00:00,,"11/12/23 12:00:00.00",,45242.5,,,,,,,,,
,,,,,2023-12-12,,"12/12/23",,45272,,,,,,,,,
,,,,,2023-12-12T12:00:00,,"12/12/23 12:00:00.00",,45272.5,,,,,,,,,
,,,,,2023-12-13,,"13/12/23",,"13/12/23",,,,,,,,,
,,,,,2023-12-13T12:00:00,,"13/12/23 12:00:00.00",,"13/12/23 12:00:00.00",,,,,,,,,
,,,,,2023-12-14,,"14/12/23",,"14/12/23",,,,,,,,,
,,,,,2023-12-14T12:00:00,,"14/12/23 12:00:00.00",,"14/12/23 12:00:00.00",,,,,,,,,
,,,,,2023-12-15,,"15/12/23",,"15/12/23",,,,,,,,,
,,,,,2023-12-15T12:00:00,,"15/12/23 12:00:00.00",,"15/12/23 12:00:00.00",,,,,,,,,
,,,,,2023-12-16,,"16/12/23",,"16/12/23",,,,,,,,,
,,,,,2023-12-16T12:00:00,,"16/12/23 12:00:00.00",,"16/12/23 12:00:00.00",,,,,,,,,
,,,,,2023-12-17,,"17/12/23",,"17/12/23",,,,,,,,,
,,,,,2023-12-17T12:00:00,,"17/12/23 12:00:00.00",,"17/12/23 12:00:00.00",,,,,,,,,
,,,,,2023-12-18,,"18/12/23",,"18/12/23",,,,,,,,,
,,,,,2023-12-18T12:00:00,,"18/12/23 12:00:00.00",,"18/12/23 12:00:00.00",,,,,,,,,
,,,,,2023-12-19,,"19/12/23",,"19/12/23",,,,,,,,,
,,,,,2023-12-19T12:00:00,,"19/12/23 12:00:00.00",,"19/12/23 12:00:00.00",,,,,,,,,
,,,,,2023-12-20,,"20/12/23",,"20/12/23",,,,,,,,,
,,,,,2023-12-20T12:00:00,,"20/12/23 12:00:00.00",,"20/12/23 12:00:00.00",,,,,,,,,
,,,,,2023-12-21,,"21/12/23",,"21/12/23",,,,,,,,,
,,,,,2023-12-21T12:00:00,,"21/12/23 12:00:00.00",,"21/12/23 12:00:00.00",,,,,,,,,
,,,,,2023-12-22,,"22/12/23",,"22/12/23",,,,,,,,,
,,,,,2023-12-22T12:00:00,,"22/12/23 12:00:00.00",,"22/12/23 12:00:00.00",,,,,,,,,
,,,,,2023-12-23,,"23/12/23",,"23/12/23",,,,,,,,,
,,,,,2023-12-23T12:00:00,,"23/12/23 12:00:00.00",,"23/12/23 12:00:00.00",,,,,,,,,
,,,,,2023-12-24,,"24/12/23",,"24/12/23",,,,,,,,,
,,,,,2023-12-24T12:00:00,,"24/12/23 12:00:00.00",,"24/12/23 12:00:00.00",,,,,,,,,
,,,,,2023-12-25,,"25/12/23",,"25/12/23",,,,,,,,,
,,,,,2023-12-25T12:00:00,,"25/12/23 12:00:00.00",,"25/12/23 12:00:00.00",,,,,,,,,
,,,,,2023-12-26,,"26/12/23",,"26/12/23",,,,,,,,,
,,,,,2023-12-26T12:00:00,,"26/12/23 12:00:00.00",,"26/12/23 12:00:00.00",,,,,,,,,
,,,,,2023-12-27,,"27/12/23",,"27/12/23",,,,,,,,,
,,,,,2023-12-27T12:00:00,,"27/12/23 12:00:00.00",,"27/12/23 12:00:00.00",,,,,,,,,
,,,,,2023-12-28,,"28/12/23",,"28/12/23",,,,,,,,,
,,,,,2023-12-28T12:00:00,,"28/12/23 12:00:00.00",,"28/12/23 12:00:00.00",,,,,,,,,
,,,,,2023-12-29,,"29/12/23",,"29/12/23",,,,,,,,,
,,,,,2023-12-29T12:00:00,,"29/12/23 12:00:00.00",,"29/12/23 12:00:00.00",,,,,,,,,
,,,,,2023-12-30,,"30/12/23",,"30/12/23",,,,,,,,,
,,,,,2023-12-30T12:00:00,,"30/12/23 12:00:00.00",,"30/12/23 12:00:00.00",,,,,,,,,
,,,,,2023-12-31,,"31/12/23",,"31/12/23",,,,,,,,,
,,,,,2023-12-31T12:00:00,,"31/12/23 12:00:00.00",,"31/12/23 12:00:00.00",,,,,,,,,
